{"cameraMode":{"drawMode":0,"name":"Shaded","section":"Shading Mode"},"sceneLighting":true,"audioPlay":false,"sceneViewState":{"m_AlwaysRefresh":false,"showFog":false,"showSkybox":false,"showFlares":false,"showImageEffects":false,"showParticleSystems":false,"showVisualEffectGraphs":false,"m_FxEnabled":true},"in2DMode":false,"pivot":{"x":881.5643920898438,"y":-29.713937759399415,"z":108.65599060058594},"rotation":{"x":0.7207605242729187,"y":-0.023898595944046975,"z":0.024872377514839174,"w":0.6923502087593079},"size":550.1326293945313,"orthographic":true}